[
    {
        "accountNumber":1,
        "accountType":"saving",
        "openingDate":"05-05-2005",
        "openingBalance":25000,
        "description":"account",
        "customer":"customer"
    },
    {
        "accountNumber":2,
        "accountType":"rd",
        "openingDate":"15-02-2010",
        "openingBalance":15000,
        "description":"account",
        "customer":"customer"
    },
    {
        "accountNumber":3,
        "accountType":"fd",
        "openingDate":"02-02-2002",
        "openingBalance":20000,
        "description":"account",
        "customer":"customer"
    }
]